lgd_district_code,censuscode,district_name,state_name,district_area_sq_km,centroid_lat,centroid_lon,population_baseline
501.0,532.0,Adilabad,Telangana,16089.61,19.28614,78.81932,802880.0
118.0,146.0,Agra,Uttar Pradesh,4032.89,27.03574,78.07979,5296620.0
261.0,283.0,Aizawl,Mizoram,3740.34,24.04244,92.84579,483635.0
86.0,119.0,Ajmer,Rajasthan,8537.97,26.19433,74.69827,2985855.0
467.0,501.0,Akola,Maharashtra,5421.98,20.73734,77.09309,2032614.0
554.0,598.0,Alappuzha,Kerala,1426.76,9.38958,76.46759,2167462.0
119.0,143.0,Aligarh,Uttar Pradesh,3749.49,27.92917,78.01663,4376425.0
639.0,465.0,Alirajpur,Madhya Pradesh,3349.35,22.22753,74.30451,917115.0
45.0,64.0,Almora,Uttarakhand,3107.91,29.67744,79.51814,618943.0
87.0,104.0,Alwar,Rajasthan,8320.51,27.53686,76.66387,4491235.0
58.0,70.0,Ambala,Haryana,1514.05,30.302,76.9053,1296203.0
121.0,178.0,Ambedkar Nagar,Uttar Pradesh,2334.75,26.39003,82.69539,2918048.0
468.0,503.0,Amravati,Maharashtra,12240.93,21.1538,77.6836,3195039.0
439.0,480.0,Amreli,Gujarat,7931.77,20.94747,71.19493,1650731.0
27.0,49.0,Amritsar,Punjab,2661.93,31.72173,74.8423,2748187.0
440.0,482.0,Anand,Gujarat,2924.22,22.26787,72.5075,2767476.0
628.0,260.0,Anjaw,Arunachal Pradesh,6522.91,28.05872,96.93448,24066.0
390.0,461.0,Anuppur,Madhya Pradesh,3791.39,23.11759,81.64154,902339.0
188.0,209.0,Araria,Bihar,2811.3,26.20046,87.31107,3634320.0
610.0,616.0,Ariyalur,Tamil Nadu,1959.46,11.20497,79.23685,772923.0
611.0,240.0,Arwal,Bihar,666.51,25.15464,84.73899,591972.0
391.0,459.0,Ashoknagar,Madhya Pradesh,4736.61,24.62339,77.83399,1071470.0
122.0,162.0,Auraiya,Uttar Pradesh,2010.34,26.68985,79.49911,1619128.0
189.0,235.0,Aurangabad,Bihar,3283.81,24.77436,84.46815,4525057.0
123.0,191.0,Azamgarh,Uttar Pradesh,4278.72,26.01431,82.99751,5177742.0
46.0,63.0,Bageshwar,Uttarakhand,2285.41,29.97957,79.84934,256564.0
124.0,139.0,Baghpat,Uttar Pradesh,1330.54,29.04232,77.32672,1340897.0
125.0,180.0,Bahraich,Uttar Pradesh,4332.67,27.75095,81.43887,4156731.0
616.0,324.0,Baksa,Assam,2375.15,26.61144,91.26241,1258285.0
392.0,457.0,Balaghat,Madhya Pradesh,9265.74,21.79877,80.42747,1884118.0
345.0,393.0,Balangir,Odisha,6581.92,20.62259,83.22636,2028038.0
346.0,377.0,Baleshwar,Odisha,3886.44,21.49998,87.02121,2513933.0
126.0,193.0,Ballia,Uttar Pradesh,3010.11,25.85805,84.04616,3696633.0
127.0,182.0,Balrampur,Uttar Pradesh,3329.26,27.49015,82.50087,2570002.0
441.0,469.0,Banas Kantha,Gujarat,10681.69,24.25765,71.924,3729629.0
128.0,170.0,Banda,Uttar Pradesh,4544.82,25.31396,80.52551,2069729.0
190.0,225.0,Banka,Bihar,3106.16,24.8153,86.85833,2787874.0
305.0,339.0,Bankura,West Bengal,6965.25,23.083,87.13282,3957405.0
88.0,125.0,Banswara,Rajasthan,4516.64,23.45094,74.43139,2229890.0
129.0,176.0,Bara Banki,Uttar Pradesh,3799.39,26.96374,81.28965,3807867.0
89.0,128.0,Baran,Rajasthan,6834.59,24.96963,76.86549,1450001.0
130.0,150.0,Bareilly,Uttar Pradesh,3790.47,28.50491,79.44323,5352228.0
90.0,115.0,Barmer,Rajasthan,28476.13,25.77952,71.51731,3345308.0
605.0,54.0,Barnala,Punjab,1486.91,30.40429,75.50683,684088.0
280.0,303.0,Barpeta,Assam,2314.9,26.43793,91.02001,1877307.0
393.0,441.0,Barwani,Madhya Pradesh,5450.45,21.70297,74.92168,1771460.0
374.0,414.0,Bastar,Chhattisgarh,10376.95,19.38483,81.75494,948753.0
131.0,185.0,Basti,Uttar Pradesh,2888.07,26.87255,82.64022,2718480.0
28.0,46.0,Bathinda,Punjab,3373.15,30.19024,75.06716,1697487.0
191.0,222.0,Begusarai,Bihar,1940.11,25.54216,86.13322,3830215.0
394.0,447.0,Betul,Madhya Pradesh,10091.55,21.96584,77.78989,1776782.0
348.0,378.0,Bhadrak,Odisha,2486.21,20.9905,86.65237,1613470.0
192.0,224.0,Bhagalpur,Bihar,2547.38,25.28828,87.04829,3509828.0
471.0,506.0,Bhandara,Maharashtra,3869.52,21.1035,79.78734,1132270.0
91.0,105.0,Bharatpur,Rajasthan,5064.12,27.31988,77.22894,2952552.0
442.0,488.0,Bharuch,Gujarat,5293.62,21.78904,72.67583,1704669.0
443.0,481.0,Bhavnagar,Gujarat,8400.74,21.51878,72.1016,2765060.0
92.0,122.0,Bhilwara,Rajasthan,10497.15,25.44419,74.63651,2821404.0
395.0,420.0,Bhind,Madhya Pradesh,4475.77,26.34851,78.77228,1937516.0
59.0,81.0,Bhiwani,Haryana,4630.51,28.70422,76.03086,1296415.0
193.0,231.0,Bhojpur,Bihar,2375.27,25.50231,84.50236,3338604.0
396.0,444.0,Bhopal,Madhya Pradesh,2730.15,23.47674,77.39695,2938719.0
636.0,417.0,Bijapur,Chhattisgarh,8809.53,18.75491,80.80655,275997.0
132.0,134.0,Bijnor,Uttar Pradesh,4323.71,29.30682,78.46417,4311589.0
93.0,101.0,Bikaner,Rajasthan,30269.94,28.03581,73.67066,3124233.0
307.0,334.0,Birbhum,West Bengal,4556.36,24.06552,87.65619,4082552.0
252.0,275.0,Bishnupur,Manipur,481.43,24.50106,93.82343,299943.0
322.0,355.0,Bokaro,Jharkhand,2802.4,23.68981,85.98082,2426002.0
281.0,319.0,Bongaigaon,Assam,1054.29,26.39088,90.6113,803266.0
133.0,149.0,Budaun,Uttar Pradesh,5085.41,28.08058,79.00651,3653296.0
134.0,142.0,Bulandshahr,Uttar Pradesh,3565.39,28.31253,77.95932,4116049.0
94.0,121.0,Bundi,Rajasthan,5593.17,25.48126,75.80399,1323567.0
397.0,467.0,Burhanpur,Madhya Pradesh,3209.79,21.35963,76.24098,917654.0
194.0,232.0,Buxar,Bihar,1711.1,25.48318,84.0966,2014287.0
282.0,316.0,Cachar,Assam,3792.36,24.78481,92.88141,2105643.0
77.0,95.0,Central,Delhi,15.12,28.64129,77.21666,1667718.0
16.0,23.0,Chamba,Himachal Pradesh,6478.02,32.67241,76.39878,586226.0
47.0,57.0,Chamoli,Uttarakhand,7845.38,30.48323,79.52788,426828.0
48.0,65.0,Champawat,Uttarakhand,1652.13,29.2793,80.10142,293584.0
262.0,284.0,Champhai,Mizoram,3358.49,23.52287,93.3229,136805.0
135.0,196.0,Chandauli,Uttar Pradesh,2537.57,25.12074,83.25951,2179069.0
253.0,280.0,Chandel,Manipur,3190.8,24.26523,94.0854,125173.0
44.0,55.0,Chandigarh,Chandigarh,118.43,30.7399,76.77205,897511.0
473.0,509.0,Chandrapur,Maharashtra,11336.34,20.09668,79.32168,2348545.0
229.0,253.0,Changlang,Arunachal Pradesh,5047.84,27.354,96.36376,183018.0
323.0,347.0,Chatra,Jharkhand,3765.29,24.12796,84.92239,1313082.0
568.0,603.0,Chennai,Tamil Nadu,128.99,13.06112,80.24873,5558758.0
398.0,425.0,Chhatarpur,Madhya Pradesh,8765.64,24.83404,79.57319,2100270.0
399.0,455.0,Chhindwara,Madhya Pradesh,11834.56,22.2256,78.76962,2383077.0
630.0,582.0,Chikkaballapura,Karnataka,4234.32,13.59744,77.79568,1326139.0
612.0,320.0,Chirang,Assam,1733.75,26.58703,90.56991,616102.0
533.0,566.0,Chitradurga,Karnataka,8480.55,14.29486,76.5719,1798153.0
136.0,171.0,Chitrakoot,Uttar Pradesh,3088.3,25.16329,81.07838,1269815.0
503.0,554.0,Chittoor,Andhra Pradesh,15231.26,13.34621,78.9519,4580686.0
254.0,274.0,Churachandpur,Manipur,4588.66,24.2679,93.40754,257051.0
96.0,102.0,Churu,Rajasthan,13916.33,28.12698,74.45114,2206492.0
569.0,632.0,Coimbatore,Tamil Nadu,4673.07,10.94334,76.97978,4180340.0
570.0,617.0,Cuddalore,Tamil Nadu,3717.84,11.62621,79.50992,2998319.0
376.0,416.0,Dakshin Bastar Dantewada,Chhattisgarh,8901.09,18.61664,81.3819,332104.0
310.0,331.0,Dakshin Dinajpur,West Bengal,2172.78,25.35008,88.63267,1838248.0
534.0,575.0,Dakshina Kannada,Karnataka,4607.35,12.90076,75.13979,2388502.0
400.0,428.0,Damoh,Madhya Pradesh,7368.4,23.7626,79.47785,1437365.0
195.0,215.0,Darbhanga,Bihar,2290.56,26.14371,85.98566,4562640.0
283.0,325.0,Darrang,Assam,1615.05,26.49195,92.07843,1126535.0
401.0,422.0,Datia,Madhya Pradesh,1892.09,25.90299,78.62051,955153.0
97.0,109.0,Dausa,Rajasthan,3483.88,26.92905,76.72265,2162212.0
49.0,60.0,Dehradun,Uttarakhand,3073.99,30.5222,77.92249,2132260.0
324.0,350.0,Deoghar,Jharkhand,2441.54,24.33113,86.7642,1878226.0
137.0,190.0,Deoria,Uttar Pradesh,2558.79,26.42376,83.83476,3288259.0
402.0,437.0,Dewas,Madhya Pradesh,6982.72,22.78368,76.46254,1839994.0
269.0,291.0,Dhalai,Tripura,2259.74,23.83131,91.93572,436885.0
377.0,412.0,Dhamtari,Chhattisgarh,4069.56,20.55021,81.76445,897907.0
325.0,354.0,Dhanbad,Jharkhand,2134.27,23.85539,86.40729,3014375.0
403.0,438.0,Dhar,Madhya Pradesh,8171.62,22.569,75.10954,2722423.0
571.0,630.0,Dharmapuri,Tamil Nadu,4535.4,12.02243,78.26074,1771524.0
536.0,562.0,Dharwad,Karnataka,4290.66,15.34582,75.14043,2085599.0
284.0,308.0,Dhemaji,Assam,2610.58,27.54644,94.69894,702202.0
352.0,383.0,Dhenkanal,Odisha,4482.41,20.81398,85.51972,1387551.0
285.0,301.0,Dhubri,Assam,2312.92,26.13305,90.02848,1376422.0
474.0,498.0,Dhule,Maharashtra,7204.81,21.23291,74.65096,2456650.0
230.0,257.0,Dibang Valley,Arunachal Pradesh,7421.71,28.98974,95.91738,
286.0,310.0,Dibrugarh,Assam,3401.15,27.28927,95.09779,1510242.0
299.0,315.0,Dima Hasao,Assam,4915.04,25.31864,92.97126,288305.0
244.0,265.0,Dimapur,Nagaland,812.87,25.78519,93.7866,510639.0
572.0,612.0,Dindigul,Tamil Nadu,6095.52,10.38755,77.79565,2457758.0
404.0,453.0,Dindori,Madhya Pradesh,5717.25,22.89156,81.04715,917721.0
326.0,362.0,Dumka,Jharkhand,3775.04,24.27447,87.28027,1522340.0
99.0,124.0,Dungarpur,Rajasthan,3795.06,23.75021,73.84695,1670388.0
378.0,409.0,Durg,Chhattisgarh,8627.89,21.20725,81.34737,2010685.0
273.0,294.0,East Garo Hills,Meghalaya,2936.59,25.82938,90.65354,188522.0
505.0,545.0,East Godavari,Andhra Pradesh,10955.39,17.02222,82.13522,5569277.0
231.0,247.0,East Kameng,Arunachal Pradesh,6013.25,27.4298,92.98246,87734.0
274.0,298.0,East Khasi Hills,Meghalaya,2810.36,25.32665,91.77686,1005453.0
232.0,251.0,East Siang,Arunachal Pradesh,3746.14,28.17169,95.0963,86959.0
555.0,595.0,Ernakulam,Kerala,2420.49,10.04009,76.46494,3428525.0
573.0,610.0,Erode,Tamil Nadu,5786.18,11.49033,77.36087,2286982.0
138.0,201.0,Etah,Uttar Pradesh,2517.02,27.49557,78.64566,2068262.0
139.0,161.0,Etawah,Uttar Pradesh,2329.4,26.74964,79.07843,1845391.0
60.0,88.0,Faridabad,Haryana,842.2,28.31967,77.36469,2383525.0
29.0,45.0,Faridkot,Punjab,1452.27,30.59141,74.8102,659286.0
141.0,159.0,Farrukhabad,Uttar Pradesh,2188.56,27.43784,79.45386,2145188.0
61.0,78.0,Fatehabad,Haryana,2407.05,29.56182,75.56441,1056284.0
30.0,40.0,Fatehgarh Sahib,Punjab,1144.07,30.62643,76.37001,640240.0
142.0,172.0,Fatehpur,Uttar Pradesh,4183.12,25.82491,80.85495,3038415.0
143.0,147.0,Firozabad,Uttar Pradesh,2406.94,27.17367,78.52631,2948291.0
537.0,561.0,Gadag,Karnataka,4660.69,15.5047,75.64684,1218001.0
353.0,389.0,Gajapati,Odisha,4069.62,19.13113,84.15046,638094.0
446.0,473.0,Gandhinagar,Gujarat,2142.23,23.23193,72.67512,1324292.0
100.0,99.0,Ganganagar,Rajasthan,10697.5,29.49379,73.97128,2163051.0
354.0,388.0,Ganjam,Odisha,8502.76,19.55901,84.58893,3912072.0
328.0,346.0,Garhwa,Jharkhand,4111.54,24.03436,83.75399,1689634.0
144.0,141.0,Gautam Buddha Nagar,Uttar Pradesh,1411.24,28.38984,77.54362,2613780.0
196.0,236.0,Gaya,Bihar,4973.0,24.742,84.93205,5429170.0
145.0,140.0,Ghaziabad,Uttar Pradesh,1980.28,28.74516,77.66979,4601786.0
146.0,195.0,Ghazipur,Uttar Pradesh,3388.65,25.6222,83.54411,4171506.0
329.0,349.0,Giridih,Jharkhand,5016.11,24.29522,86.09326,3023152.0
287.0,302.0,Goalpara,Assam,2014.89,26.0176,90.60175,1063871.0
330.0,351.0,Godda,Jharkhand,2242.6,24.82017,87.30015,1541633.0
288.0,313.0,Golaghat,Assam,3371.61,26.36652,93.82472,1310870.0
147.0,183.0,Gonda,Uttar Pradesh,4042.92,27.12084,82.03612,4066976.0
197.0,217.0,Gopalganj,Bihar,2042.41,26.4466,84.35476,2913408.0
148.0,188.0,Gorakhpur,Uttar Pradesh,3368.0,26.69011,83.33251,5059142.0
331.0,366.0,Gumla,Jharkhand,5367.6,23.07695,84.55677,1266667.0
406.0,458.0,Guna,Madhya Pradesh,6315.93,24.48236,77.23111,1461635.0
506.0,548.0,Guntur,Andhra Pradesh,11470.61,16.11556,80.15348,5374652.0
32.0,35.0,Gurdaspur,Punjab,3621.8,32.05985,75.3243,1740157.0
407.0,421.0,Gwalior,Madhya Pradesh,5228.94,25.95046,78.3614,2515503.0
289.0,318.0,Hailakandi,Assam,1334.87,24.47517,92.60665,765445.0
101.0,100.0,Hanumangarh,Rajasthan,9943.23,29.44813,74.31648,2002775.0
408.0,448.0,Harda,Madhya Pradesh,3325.94,22.22738,77.07448,669689.0
150.0,155.0,Hardoi,Uttar Pradesh,6020.29,27.33148,80.27378,4789431.0
539.0,574.0,Hassan,Karnataka,6838.54,12.94695,76.11123,1843387.0
540.0,564.0,Haveri,Karnataka,4827.52,14.71767,75.43133,1601523.0
332.0,360.0,Hazaribagh,Jharkhand,3609.78,24.02327,85.45288,2130620.0
477.0,512.0,Hingoli,Maharashtra,4704.23,19.60321,77.11902,1419813.0
63.0,80.0,Hisar,Haryana,4206.3,29.23692,75.83568,1943429.0
33.0,38.0,Hoshiarpur,Punjab,3369.38,31.55255,75.8587,1743086.0
507.0,536.0,Hyderabad,Telangana,178.64,17.39393,78.4725,3345250.0
556.0,596.0,Idukki,Kerala,5027.56,9.81388,77.0606,1048101.0
255.0,278.0,Imphal East,Manipur,922.51,24.83474,93.97233,434974.0
256.0,277.0,Imphal West,Manipur,301.15,24.72391,93.15757,589610.0
410.0,439.0,Indore,Madhya Pradesh,3924.7,22.67695,75.91466,4193901.0
411.0,451.0,Jabalpur,Madhya Pradesh,5119.53,23.18305,79.97694,2843254.0
355.0,380.0,Jagatsinghapur,Odisha,1743.42,20.21679,86.38161,1268480.0
102.0,110.0,Jaipur,Rajasthan,11284.67,27.05593,75.72232,8193632.0
103.0,114.0,Jaisalmer,Rajasthan,38507.85,26.95581,71.11475,848518.0
34.0,37.0,Jalandhar,Punjab,2608.02,31.25302,75.54843,2446748.0
151.0,165.0,Jalaun,Uttar Pradesh,4580.25,26.06438,79.37149,1897451.0
478.0,499.0,Jalgaon,Maharashtra,11804.06,20.88722,75.55441,4760079.0
479.0,514.0,Jalna,Maharashtra,7793.11,19.99502,76.01788,2330103.0
314.0,328.0,Jalpaiguri,West Bengal,6233.13,26.6186,89.10193,2766173.0
447.0,477.0,Jamnagar,Gujarat,10929.58,22.41094,69.60629,1509267.0
333.0,363.0,Jamtara,Jharkhand,1805.08,23.98206,86.95976,923311.0
198.0,238.0,Jamui,Bihar,3053.75,24.81499,86.23312,2203798.0
379.0,405.0,Janjgir-Champa,Chhattisgarh,3878.06,21.96922,82.79591,
380.0,402.0,Jashpur,Chhattisgarh,5818.82,22.7766,83.85624,942821.0
152.0,194.0,Jaunpur,Uttar Pradesh,4039.94,25.69804,82.55211,4985265.0
199.0,239.0,Jehanabad,Bihar,932.14,25.13412,85.02857,1409612.0
412.0,464.0,Jhabua,Madhya Pradesh,3444.84,22.88624,74.6612,1290473.0
64.0,83.0,Jhajjar,Haryana,1940.63,28.56387,76.6046,999200.0
105.0,129.0,Jhalawar,Rajasthan,6270.01,24.24316,76.11529,1669164.0
153.0,166.0,Jhansi,Uttar Pradesh,5076.67,25.44921,78.91197,2198410.0
357.0,371.0,Jharsuguda,Odisha,2121.04,21.82635,83.94361,621362.0
65.0,77.0,Jind,Haryana,2712.06,29.45921,76.31785,1489426.0
107.0,113.0,Jodhpur,Rajasthan,22907.34,26.67958,73.00487,4624883.0
290.0,312.0,Jorhat,Assam,3003.26,26.76294,94.27513,1037431.0
448.0,479.0,Junagadh,Gujarat,8310.13,20.97109,70.45423,1644700.0
382.0,407.0,Kabeerdham,Chhattisgarh,4230.85,22.05546,81.17884,1131600.0
449.0,468.0,Kachchh,Gujarat,42226.8,23.47519,68.83841,2654359.0
200.0,233.0,Kaimur (Bhabua),Bihar,3353.31,25.02604,83.619,1966164.0
66.0,73.0,Kaithal,Haryana,2302.67,29.92534,76.37471,1238219.0
358.0,395.0,Kalahandi,Odisha,7921.68,19.78945,83.11865,1864838.0
291.0,321.0,Kamrup,Assam,2911.83,26.19399,91.45281,1546068.0
574.0,604.0,Kancheepuram,Tamil Nadu,4642.0,12.69563,79.9324,1542112.0
18.0,24.0,Kangra,Himachal Pradesh,5721.81,32.13911,76.42802,1693351.0
155.0,160.0,Kannauj,Uttar Pradesh,2078.32,26.99481,79.65078,1938161.0
575.0,629.0,Kanniyakumari,Tamil Nadu,1696.78,8.28373,77.37077,2092603.0
557.0,589.0,Kannur,Kerala,2975.88,11.94605,75.49247,2666656.0
35.0,36.0,Kapurthala,Punjab,1662.7,31.33564,75.48994,865875.0
598.0,637.0,Karaikal,Puducherry,153.88,10.92544,79.79025,220595.0
108.0,107.0,Karauli,Rajasthan,4948.46,26.43181,76.83361,1777972.0
292.0,314.0,Karbi Anglong,Assam,10440.91,26.09078,93.11539,693265.0
6.0,4.0,Kargil,Ladakh,14895.04,33.60672,76.65266,154801.0
508.0,534.0,Karimnagar,Telangana,11933.51,18.51889,79.44557,1113366.0
67.0,74.0,Karnal,Haryana,2642.64,29.68464,76.86246,1700198.0
576.0,613.0,Karur,Tamil Nadu,2905.93,10.80665,78.11494,1234912.0
558.0,588.0,Kasaragod,Kerala,1972.11,12.47207,75.13915,1320168.0
201.0,212.0,Katihar,Bihar,3063.41,25.56622,87.7104,3735857.0
413.0,450.0,Katni,Madhya Pradesh,5073.89,23.81527,80.43618,1481656.0
158.0,174.0,Kaushambi,Uttar Pradesh,2033.09,25.52746,81.41512,1981279.0
361.0,375.0,Kendujhar,Odisha,8324.49,21.49629,85.76924,2118363.0
202.0,223.0,Khagaria,Bihar,1492.02,25.53844,86.57224,2060105.0
509.0,541.0,Khammam,Telangana,16138.52,17.66998,80.67452,1521069.0
450.0,483.0,Kheda,Gujarat,4005.92,22.88918,73.01478,2023119.0
159.0,153.0,Kheri,Uttar Pradesh,7721.07,28.12326,80.66905,4820329.0
362.0,386.0,Khordha,Odisha,2756.52,20.06126,85.53048,2574912.0
606.0,365.0,Khunti,Jharkhand,2713.22,22.88272,85.23891,661665.0
19.0,34.0,Kinnaur,Himachal Pradesh,6470.23,31.601,78.52314,87703.0
614.0,269.0,Kiphire,Nagaland,1151.02,25.8614,94.84051,54731.0
203.0,210.0,Kishanganj,Bihar,1936.57,26.29057,87.95048,2214692.0
541.0,576.0,Kodagu,Karnataka,4127.31,12.40198,75.79755,575814.0
245.0,270.0,Kohima,Nagaland,1480.46,25.77508,94.09818,311382.0
294.0,300.0,Kokrajhar,Assam,3181.16,26.46654,90.18106,1311786.0
542.0,581.0,Kolar,Karnataka,4000.95,13.08752,78.22555,1625062.0
263.0,282.0,Kolasib,Mizoram,1350.06,24.19039,92.73854,125377.0
480.0,530.0,Kolhapur,Maharashtra,7726.52,16.43605,74.12651,3952672.0
315.0,342.0,Kolkata,West Bengal,91.62,22.55411,88.35627,2896202.0
559.0,600.0,Kollam,Kerala,2497.52,8.95158,76.8527,2503307.0
543.0,560.0,Koppal,Karnataka,5588.45,15.65526,76.16646,1551558.0
363.0,398.0,Koraput,Odisha,8728.43,18.84453,82.80014,1573932.0
383.0,404.0,Korba,Chhattisgarh,6611.45,22.47414,82.59611,1414402.0
109.0,127.0,Kota,Rajasthan,5521.76,25.17133,76.19118,2286428.0
560.0,597.0,Kottayam,Kerala,2219.78,9.59907,76.67153,2015065.0
561.0,591.0,Kozhikode,Kerala,2340.73,11.47071,75.79572,3349063.0
510.0,547.0,Krishna,Andhra Pradesh,8587.42,16.36475,80.94823,4751934.0
577.0,631.0,Krishnagiri,Tamil Nadu,5162.88,12.5217,78.03674,2151735.0
20.0,26.0,Kullu,Himachal Pradesh,5515.42,31.90416,77.42672,460044.0
511.0,552.0,Kurnool,Andhra Pradesh,17883.9,15.44534,77.9033,4618046.0
68.0,72.0,Kurukshetra,Haryana,1571.47,30.0467,76.77313,1080970.0
233.0,256.0,Kurung Kumey,Arunachal Pradesh,6795.99,28.05158,93.39079,77223.0
160.0,189.0,Kushinagar,Uttar Pradesh,2890.49,26.88643,83.93002,4300787.0
295.0,307.0,Lakhimpur,Assam,2889.38,27.1432,94.13945,1161342.0
204.0,227.0,Lakhisarai,Bihar,1268.28,25.13281,86.092,1174729.0
161.0,167.0,Lalitpur,Uttar Pradesh,5058.76,24.57624,78.61278,1495673.0
335.0,359.0,Latehar,Jharkhand,4266.81,23.706,84.49024,974550.0
481.0,524.0,Latur,Maharashtra,6772.33,18.36104,76.73014,2795413.0
336.0,356.0,Lohardaga,Jharkhand,1500.49,23.4897,84.66923,575951.0
234.0,259.0,Lohit,Arunachal Pradesh,3900.6,27.84036,96.18742,51927.0
615.0,268.0,Longleng,Nagaland,565.46,26.56621,94.8167,30296.0
235.0,258.0,Lower Dibang Valley,Arunachal Pradesh,5697.32,28.32659,95.79836,59491.0
236.0,255.0,Lower Subansiri,Arunachal Pradesh,2483.12,27.68839,94.0127,99671.0
162.0,157.0,Lucknow,Uttar Pradesh,2543.52,26.83203,80.90721,5804005.0
36.0,41.0,Ludhiana,Punjab,3588.25,30.77177,75.87492,3965684.0
265.0,286.0,Lunglei,Mizoram,4527.55,23.01326,92.71925,188482.0
205.0,213.0,Madhepura,Bihar,1839.05,25.77431,86.90512,2498415.0
206.0,207.0,Madhubani,Bihar,3444.64,26.40499,86.14554,5126077.0
578.0,623.0,Madurai,Tamil Nadu,3711.24,9.9088,78.01515,3384080.0
385.0,411.0,Mahasamund,Chhattisgarh,4744.62,21.22858,82.65735,1179980.0
69.0,84.0,Mahendragarh,Haryana,1932.58,28.14075,76.14021,970462.0
451.0,471.0,Mahesana,Gujarat,4424.57,23.54787,72.41205,2169424.0
165.0,169.0,Mahoba,Uttar Pradesh,2877.59,25.31312,79.6515,1077440.0
166.0,148.0,Mainpuri,Uttar Pradesh,2704.3,27.16599,79.05586,2193399.0
562.0,592.0,Malappuram,Kerala,3578.89,11.06085,76.1448,4458146.0
364.0,399.0,Malkangiri,Odisha,5838.33,18.26132,82.00848,757865.0
266.0,281.0,Mamit,Mizoram,3041.32,23.86132,92.45869,138551.0
22.0,27.0,Mandi,Himachal Pradesh,3958.12,31.63261,76.98103,1131583.0
415.0,454.0,Mandla,Madhya Pradesh,7564.82,22.67191,80.48272,1110768.0
416.0,433.0,Mandsaur,Madhya Pradesh,5653.51,24.1956,75.4341,1424619.0
544.0,573.0,Mandya,Karnataka,4967.92,12.56675,76.83565,1886354.0
37.0,47.0,Mansa,Punjab,2213.64,29.91824,75.43579,742955.0
296.0,304.0,Marigaon,Assam,1548.77,26.25248,92.23831,
167.0,145.0,Mathura,Uttar Pradesh,3359.51,27.58108,77.64672,3064227.0
168.0,192.0,Mau,Uttar Pradesh,1697.31,26.00516,83.58911,2493398.0
365.0,376.0,Mayurbhanj,Odisha,10451.27,21.90343,86.4075,2891283.0
513.0,535.0,Medak,Telangana,9792.44,17.89233,78.14389,858985.0
169.0,138.0,Meerut,Uttar Pradesh,2616.44,29.02642,77.80438,3877321.0
170.0,199.0,Mirzapur,Uttar Pradesh,4521.83,25.09974,82.61067,3135271.0
38.0,42.0,Moga,Punjab,2348.92,30.75095,75.16678,1027279.0
246.0,262.0,Mokokchung,Nagaland,1608.8,26.47268,94.52357,168849.0
247.0,261.0,Mon,Nagaland,1844.69,26.73351,95.01999,228717.0
171.0,135.0,Moradabad,Uttar Pradesh,3630.33,28.85076,78.71062,3696840.0
417.0,419.0,Morena,Madhya Pradesh,4994.23,26.35796,77.87877,2318601.0
482.0,519.0,Mumbai,Maharashtra,149.72,18.96479,72.83848,2831580.0
483.0,518.0,Mumbai Suburban,Maharashtra,454.01,19.1278,72.85544,10791581.0
207.0,226.0,Munger,Bihar,1433.49,25.20668,86.55979,1690301.0
319.0,333.0,Murshidabad,West Bengal,5349.03,24.28205,88.16232,8350690.0
172.0,133.0,Muzaffarnagar,Uttar Pradesh,4058.64,29.46526,77.65124,3353539.0
208.0,216.0,Muzaffarpur,Bihar,3188.23,26.1851,85.33597,6144680.0
320.0,336.0,Nadia,West Bengal,3927.99,23.58532,88.58616,5440236.0
297.0,305.0,Nagaon,Assam,4001.73,26.26459,92.92802,2348489.0
110.0,112.0,Nagaur,Rajasthan,17688.14,27.09644,74.12955,3826407.0
484.0,505.0,Nagpur,Maharashtra,9951.2,21.19568,79.02748,5242373.0
51.0,66.0,Nainital,Uttarakhand,4145.73,29.27793,79.48356,1104668.0
209.0,229.0,Nalanda,Bihar,2338.14,25.22823,85.48921,3649192.0
298.0,323.0,Nalbari,Assam,1033.59,26.41991,91.43566,978546.0
514.0,539.0,Nalgonda,Telangana,14136.54,17.11791,79.1788,1795837.0
580.0,609.0,Namakkal,Tamil Nadu,3419.75,11.35433,78.16524,2030160.0
485.0,511.0,Nanded,Maharashtra,10628.14,19.22013,77.67333,3861544.0
486.0,497.0,Nandurbar,Maharashtra,5917.17,21.5821,74.28337,2039682.0
637.0,415.0,Narayanpur,Chhattisgarh,4285.03,19.66399,81.03162,120311.0
452.0,487.0,Narmada,Gujarat,2831.5,21.74652,73.66469,694589.0
418.0,452.0,Narsimhapur,Madhya Pradesh,5156.47,22.94844,79.0083,1275736.0
487.0,516.0,Nashik,Maharashtra,15602.41,20.26657,74.03005,7301954.0
453.0,490.0,Navsari,Gujarat,2232.22,20.86243,73.03743,1457183.0
210.0,237.0,Nawada,Bihar,2486.71,24.82646,85.62428,2765346.0
419.0,432.0,Neemuch,Madhya Pradesh,4170.35,24.68454,75.07035,905934.0
79.0,94.0,New Delhi,Delhi,38.56,28.61068,77.22169,1064852.0
516.0,533.0,Nizamabad,Telangana,7935.67,18.4317,78.08035,1716963.0
303.0,337.0,North 24 Parganas,West Bengal,5816.4,22.03521,88.88148,
81.0,92.0,North East,Delhi,62.61,28.72527,77.26968,1444919.0
551.0,585.0,North Goa,Goa,1686.25,15.54226,73.92589,718288.0
270.0,292.0,North Tripura,Tripura,2049.77,24.09839,92.21599,417050.0
82.0,90.0,North West,Delhi,443.7,28.7698,77.09851,2287355.0
368.0,394.0,Nuapada,Odisha,3874.36,20.47418,82.59967,702602.0
337.0,353.0,Pakur,Jharkhand,1817.78,24.5526,87.70345,1077497.0
563.0,593.0,Palakkad,Kerala,4505.85,10.79077,76.51011,3024581.0
338.0,358.0,Palamu,Jharkhand,4427.19,24.16606,84.13467,2294123.0
111.0,118.0,Pali,Rajasthan,12379.65,25.79755,73.53965,2254626.0
619.0,89.0,Palwal,Haryana,1325.45,28.04719,77.32944,1312139.0
454.0,484.0,Panch Mahals,Gujarat,5310.89,22.82828,73.66496,1953336.0
70.0,69.0,Panchkula,Haryana,849.72,30.6739,76.98597,597239.0
71.0,75.0,Panipat,Haryana,1228.13,29.33622,76.94013,1456085.0
420.0,426.0,Panna,Madhya Pradesh,7114.73,24.50972,80.23392,1214594.0
237.0,248.0,Papum Pare,Arunachal Pradesh,3786.93,27.29763,93.58117,245559.0
489.0,513.0,Parbhani,Maharashtra,6357.04,19.30683,76.69408,2068053.0
211.0,203.0,Pashchim Champaran,Bihar,5256.94,27.1488,84.28959,4925046.0
455.0,470.0,Patan,Gujarat,5662.31,23.79894,71.64125,1464752.0
564.0,599.0,Pathanamthitta,Kerala,2655.29,9.29933,76.8783,1320089.0
41.0,48.0,Patiala,Punjab,3332.93,30.18597,76.21947,2269761.0
212.0,230.0,Patna,Bihar,3209.69,25.40397,85.32695,6868950.0
581.0,615.0,Perambalur,Tamil Nadu,1760.73,11.27483,78.87688,600175.0
613.0,271.0,Peren,Nagaland,1745.84,25.52693,93.6372,96231.0
248.0,266.0,Phek,Nagaland,2055.64,25.65195,94.53778,164195.0
173.0,151.0,Pilibhit,Uttar Pradesh,3597.76,28.52234,79.92111,2398821.0
53.0,62.0,Pithoragarh,Uttarakhand,7251.85,30.14415,80.35758,510103.0
456.0,478.0,Porbandar,Gujarat,2294.02,21.54629,69.69802,660431.0
517.0,549.0,Prakasam,Andhra Pradesh,17774.9,15.57672,79.83272,3731704.0
582.0,621.0,Pudukkottai,Tamil Nadu,4676.68,10.3703,78.91562,1827769.0
490.0,521.0,Pune,Maharashtra,15704.6,18.51685,74.12574,11979873.0
317.0,345.0,Purba Medinipur,West Bengal,4055.4,22.1125,87.97719,5760374.0
369.0,387.0,Puri,Odisha,3562.96,19.90927,85.70028,1855870.0
214.0,211.0,Purnia,Bihar,3247.3,25.81924,87.41306,4127576.0
175.0,158.0,Rae Bareli,Uttar Pradesh,4626.83,26.24923,81.23234,2819588.0
546.0,559.0,Raichur,Karnataka,8479.24,16.05041,76.87307,2140588.0
386.0,403.0,Raigarh,Chhattisgarh,7102.81,22.05205,83.28901,3072698.0
387.0,410.0,Raipur,Chhattisgarh,12477.59,20.896,82.21503,2814996.0
421.0,446.0,Raisen,Madhya Pradesh,8518.53,23.28854,78.16847,1582981.0
422.0,442.0,Rajgarh,Madhya Pradesh,6140.65,23.78117,76.66796,1797738.0
457.0,476.0,Rajkot,Gujarat,11272.51,22.39802,70.8106,3534875.0
388.0,408.0,Rajnandgaon,Chhattisgarh,8076.44,21.05322,80.78925,1792617.0
112.0,123.0,Rajsamand,Rajasthan,4812.29,25.4341,74.0698,1353032.0
583.0,626.0,Ramanathapuram,Tamil Nadu,3964.07,9.49756,78.75086,1550443.0
607.0,361.0,Ramgarh,Jharkhand,1356.24,23.6295,85.5989,1068909.0
176.0,136.0,Rampur,Uttar Pradesh,2575.93,28.82578,79.12202,2830370.0
339.0,364.0,Ranchi,Jharkhand,4945.1,23.34122,85.37351,3525357.0
518.0,537.0,Ranga Reddy,Telangana,7934.03,17.25758,78.08704,3667925.0
423.0,434.0,Ratlam,Madhya Pradesh,4836.96,23.50009,75.14862,1682145.0
492.0,528.0,Ratnagiri,Maharashtra,8288.49,17.20622,73.4642,1532470.0
370.0,396.0,Rayagada,Odisha,7386.34,19.30074,83.46746,1127993.0
424.0,430.0,Rewa,Madhya Pradesh,6321.75,24.85732,81.5853,2794552.0
72.0,85.0,Rewari,Haryana,1494.46,28.23388,76.5234,1012074.0
276.0,297.0,Ri Bhoi,Meghalaya,2424.83,25.90185,91.84918,
73.0,82.0,Rohtak,Haryana,1722.73,28.90104,76.55712,1194736.0
215.0,234.0,Rohtas,Bihar,3870.79,24.99437,83.94362,3605080.0
42.0,51.0,Rupnagar,Punjab,1385.07,31.03406,76.47915,716979.0
458.0,472.0,Sabar Kantha,Gujarat,7443.4,23.72003,73.13266,1581118.0
425.0,427.0,Sagar,Madhya Pradesh,10276.6,23.79653,78.72585,2792584.0
177.0,132.0,Saharanpur,Uttar Pradesh,3729.18,30.02842,77.61219,4096003.0
216.0,214.0,Saharsa,Bihar,1689.71,25.82034,86.55217,2422652.0
584.0,608.0,Salem,Tamil Nadu,5238.63,11.64244,78.26915,3947265.0
217.0,221.0,Samastipur,Bihar,2907.17,25.79216,85.9602,5463227.0
371.0,372.0,Sambalpur,Odisha,6744.18,21.51981,84.35434,1271970.0
493.0,531.0,Sangli,Maharashtra,8591.33,17.1559,74.70275,3253446.0
43.0,53.0,Sangrur,Punjab,3624.0,30.16173,75.96339,1835441.0
178.0,186.0,Sant Kabir Nagar,Uttar Pradesh,1601.75,26.82584,83.06974,1990205.0
341.0,369.0,Saraikela Kharsawan,Jharkhand,2653.71,22.85192,85.90077,
494.0,527.0,Satara,Maharashtra,10540.93,17.67447,74.17432,3138971.0
426.0,429.0,Satna,Madhya Pradesh,7513.92,24.63787,80.7591,2619145.0
113.0,108.0,Sawai Madhopur,Rajasthan,5046.6,26.29687,76.66224,1511281.0
427.0,445.0,Sehore,Madhya Pradesh,6584.63,22.92567,77.07135,1581777.0
257.0,272.0,Senapati,Manipur,3489.77,25.08072,94.03212,459428.0
428.0,456.0,Seoni,Madhya Pradesh,8775.03,22.33052,79.66725,1600897.0
268.0,285.0,Serchhip,Mizoram,1154.21,23.20001,92.90218,61426.0
429.0,460.0,Shahdol,Madhya Pradesh,5698.54,23.56741,81.4852,1075359.0
40.0,39.0,Shahid Bhagat Singh Nagar,Punjab,1302.12,31.13164,76.1254,636289.0
180.0,152.0,Shahjahanpur,Uttar Pradesh,4660.19,27.9855,79.84086,3533793.0
430.0,436.0,Shajapur,Madhya Pradesh,6314.45,23.56281,76.33816,1036523.0
219.0,228.0,Sheikhpura,Bihar,639.93,25.11888,85.80143,820089.0
220.0,205.0,Sheohar,Bihar,288.68,26.51111,85.27283,851775.0
431.0,418.0,Sheopur,Madhya Pradesh,6556.82,25.79276,77.19035,890783.0
23.0,33.0,Shimla,Himachal Pradesh,5144.27,31.15142,77.63779,904737.0
432.0,423.0,Shivpuri,Madhya Pradesh,10493.72,25.37462,77.73723,2047132.0
181.0,181.0,Shrawasti,Uttar Pradesh,2508.73,27.62479,81.91958,1390228.0
182.0,184.0,Siddharthnagar,Uttar Pradesh,2836.66,27.271,82.79649,3367475.0
433.0,462.0,Sidhi,Madhya Pradesh,4785.67,24.1721,81.86453,1292335.0
114.0,111.0,Sikar,Rajasthan,7707.11,27.64302,75.29956,3026385.0
342.0,367.0,Simdega,Jharkhand,3792.84,22.61359,84.59679,677321.0
495.0,529.0,Sindhudurg,Maharashtra,5089.15,16.15855,73.76714,808570.0
638.0,463.0,Singrauli,Madhya Pradesh,5792.3,24.17156,82.3999,1558134.0
24.0,32.0,Sirmaur,Himachal Pradesh,2815.44,30.6772,77.44507,564300.0
115.0,117.0,Sirohi,Rajasthan,5170.29,24.79184,72.73336,1264133.0
74.0,79.0,Sirsa,Haryana,4244.74,29.63392,74.92022,1511023.0
221.0,206.0,Sitamarhi,Bihar,2334.87,26.51462,85.55068,4182895.0
183.0,154.0,Sitapur,Uttar Pradesh,5789.1,27.49631,80.86368,5391584.0
585.0,622.0,Sivaganga,Tamil Nadu,4270.99,9.95176,78.553,1534446.0
300.0,311.0,Sivasagar,Assam,2639.29,27.02591,94.90759,800874.0
222.0,218.0,Siwan,Bihar,2227.02,26.1715,84.34645,3880318.0
25.0,31.0,Solan,Himachal Pradesh,1960.93,31.03441,76.95788,678073.0
496.0,526.0,Solapur,Maharashtra,14952.44,17.83822,75.42162,4817374.0
184.0,200.0,Sonbhadra,Uttar Pradesh,6796.06,24.44539,83.08078,2259539.0
75.0,76.0,Sonipat,Haryana,2160.82,29.0527,76.867,1771137.0
301.0,306.0,Sonitpur,Assam,5207.51,26.7343,92.8901,1462078.0
304.0,343.0,South 24 Parganas,West Bengal,5589.22,21.85809,88.44691,
277.0,295.0,South Garo Hills,Meghalaya,1926.42,25.29165,90.6593,190314.0
552.0,586.0,South Goa,Goa,1955.97,15.19033,74.04121,857449.0
271.0,290.0,South Tripura,Tripura,3151.29,23.30473,91.56169,415745.0
84.0,97.0,South West,Delhi,435.13,28.576,77.05005,1719303.0
515.0,550.0,Sri Potti Sriramulu Nellore,Andhra Pradesh,13170.88,14.34115,79.85032,
519.0,542.0,Srikakulam,Andhra Pradesh,6341.38,18.65478,84.08301,2726592.0
372.0,392.0,Subarnapur,Odisha,2362.94,20.89686,83.76961,663973.0
185.0,179.0,Sultanpur,Uttar Pradesh,4424.46,26.28073,82.06673,2509152.0
223.0,208.0,Supaul,Bihar,2402.3,26.24249,86.78135,2904278.0
459.0,492.0,Surat,Gujarat,4344.07,21.24043,72.70179,8228098.0
460.0,475.0,Surendranagar,Gujarat,10528.36,22.83116,71.47158,1806637.0
389.0,401.0,Surguja,Chhattisgarh,15766.73,23.33094,83.23519,971194.0
258.0,273.0,Tamenglong,Manipur,4202.14,24.97636,93.48755,139509.0
641.0,493.0,Tapi,Gujarat,3163.27,21.34688,73.93408,952637.0
609.0,50.0,Tarn Taran,Punjab,2395.16,31.33393,74.76572,1251033.0
238.0,245.0,Tawang,Arunachal Pradesh,2361.32,27.6912,91.92708,60141.0
55.0,59.0,Tehri Garhwal,Uttarakhand,3874.11,30.4672,78.48979,665938.0
497.0,517.0,Thane,Maharashtra,9550.23,19.68002,73.06144,9950177.0
586.0,620.0,Thanjavur,Tamil Nadu,3419.37,10.64236,79.26795,2499232.0
587.0,611.0,The Nilgiris,Tamil Nadu,2564.46,11.44958,76.67167,708881.0
588.0,624.0,Theni,Tamil Nadu,2865.22,9.92485,77.45479,1406691.0
589.0,602.0,Thiruvallur,Tamil Nadu,3269.91,13.25304,79.92786,4840586.0
565.0,601.0,Thiruvananthapuram,Kerala,2188.43,8.60278,76.94148,3288743.0
590.0,619.0,Thiruvarur,Tamil Nadu,2281.91,10.6482,79.57152,1412221.0
594.0,627.0,Thoothukkudi,Tamil Nadu,4651.66,8.89771,78.01976,1817973.0
259.0,276.0,Thoubal,Manipur,715.02,24.53974,93.97823,325077.0
566.0,594.0,Thrissur,Kerala,3038.9,10.46585,76.32728,3305535.0
434.0,424.0,Tikamgarh,Madhya Pradesh,5077.5,25.1341,78.89971,1216750.0
302.0,309.0,Tinsukia,Assam,3800.79,27.52484,95.69891,1408250.0
239.0,254.0,Tirap,Arunachal Pradesh,2034.35,26.95043,95.39356,69112.0
591.0,614.0,Tiruchirappalli,Tamil Nadu,4528.45,10.85638,78.56047,3072981.0
592.0,628.0,Tirunelveli,Tamil Nadu,6828.46,8.84685,77.58859,1871307.0
634.0,633.0,Tiruppur,Tamil Nadu,5225.29,10.89564,77.40328,3131866.0
593.0,606.0,Tiruvannamalai,Tamil Nadu,6209.73,12.43435,79.23731,2908761.0
116.0,120.0,Tonk,Rajasthan,7263.97,26.15001,75.79828,1641156.0
249.0,267.0,Tuensang,Nagaland,2473.79,26.19833,94.90272,197958.0
117.0,130.0,Udaipur,Rajasthan,11943.87,24.37758,73.73996,3607694.0
617.0,326.0,Udalguri,Assam,2044.13,26.67254,92.10076,909069.0
549.0,569.0,Udupi,Karnataka,3881.09,13.4828,74.81129,1144919.0
435.0,435.0,Ujjain,Madhya Pradesh,6106.64,23.31534,75.80548,2261682.0
260.0,279.0,Ukhrul,Manipur,4464.92,25.05953,94.43176,178796.0
436.0,431.0,Umaria,Madhya Pradesh,4598.93,23.55029,81.00399,849658.0
26.0,29.0,Una,Himachal Pradesh,1541.77,31.58062,76.19917,573625.0
186.0,156.0,Unnao,Uttar Pradesh,4605.81,26.62647,80.64664,3601532.0
240.0,252.0,Upper Siang,Arunachal Pradesh,6776.43,28.80823,95.03221,34326.0
461.0,486.0,Vadodara,Gujarat,7543.43,22.25722,73.40217,3437852.0
224.0,220.0,Vaishali,Bihar,2013.38,25.8013,85.39964,4598311.0
462.0,491.0,Valsad,Gujarat,3008.63,20.35279,73.07074,2077846.0
187.0,197.0,Varanasi,Uttar Pradesh,1552.57,25.35729,82.83434,4311285.0
595.0,605.0,Vellore,Tamil Nadu,6093.4,12.79045,79.04346,1718125.0
437.0,443.0,Vidisha,Madhya Pradesh,7323.35,23.82429,77.90676,1710603.0
596.0,607.0,Viluppuram,Tamil Nadu,7358.54,11.95574,79.40459,2449240.0
520.0,544.0,Visakhapatnam,Andhra Pradesh,11469.65,17.96577,82.76348,4885485.0
521.0,543.0,Vizianagaram,Andhra Pradesh,5610.87,18.50507,83.39353,2443656.0
522.0,540.0,Warangal,Telangana,12846.99,18.02327,79.88642,
498.0,504.0,Wardha,Maharashtra,6327.02,20.8068,78.57778,1365264.0
499.0,502.0,Washim,Maharashtra,5211.06,20.27605,77.25162,1362768.0
567.0,590.0,Wayanad,Kerala,2138.17,11.72097,76.08454,847406.0
278.0,293.0,West Garo Hills,Meghalaya,3352.32,25.5895,90.05157,701102.0
523.0,546.0,West Godavari,Andhra Pradesh,7794.99,16.83349,81.34483,4167944.0
242.0,246.0,West Kameng,Arunachal Pradesh,5274.9,27.29447,92.42883,99039.0
279.0,296.0,West Khasi Hills,Meghalaya,5237.73,25.53697,91.25229,341864.0
243.0,250.0,West Siang,Arunachal Pradesh,7951.12,28.13781,94.51639,48422.0
272.0,289.0,West Tripura,Tripura,3003.85,23.77568,91.46372,1081396.0
250.0,264.0,Wokha,Nagaland,1629.27,26.19848,94.19886,164833.0
635.0,580.0,Yadgir,Karnataka,5301.7,16.58592,76.9619,1373369.0
76.0,71.0,Yamunanagar,Haryana,1739.8,30.23787,77.26931,1366309.0
500.0,510.0,Yavatmal,Maharashtra,13569.98,20.03636,78.04095,3117757.0
251.0,263.0,Zunheboto,Nagaland,1262.43,26.0266,94.51953,135618.0
