district_key,Dist_Name,Population,Parmanent_Water,Corrected_Percent_Flooded_Area
dadra & nagar haveli,Dadra & Nagar Haveli,618459,0.645537217,2.969167705
daman,Daman,190125,1.308995942,1.544538442
diu,Diu,67412,4.979981831,0.819836479
north  & middle andaman,North  & Middle Andaman,101677,0.0,1.3148171
south andaman,South Andaman,257900,0.0,1.443452407
nicobars,Nicobars,27340,0.0,0.090612489
srikakulam,Srikakulam,2726592,0.566374643,3.446704127
vizianagaram,Vizianagaram,2443656,0.320586402,0.790001986
visakhapatnam,Visakhapatnam,4885485,0.439675977,0.735914807
krishna,Krishna,4751934,3.894573341,0.709710375
guntur,Guntur,5374652,0.999528068,9.242779332
east godavari,East Godavari,5569277,2.48908494,3.702696517
prakasam,Prakasam,3731704,0.273749091,0.87865931
kurnool,Kurnool,4618046,0.504632198,0.289107666
anantapur,Anantapur,4537583,0.216018195,0.482623643
sri potti sriramulu nell*,Sri Potti Sriramulu Nell*,3285473,3.608219113,0.688735282
west godavari,West Godavari,4167944,2.064339191,3.539250333
y.s.r.,Y.S.R.,3162142,1.095797136,0.045955578
chittoor,Chittoor,4580686,0.068957975,0.504525197
upper subansiri,Upper Subansiri,119722,0.078758779,1.156238089
anjaw,Anjaw,24066,0.251543379,1.347748917
changlang,Changlang,183018,0.021259348,2.517227647
tawang,Tawang,60141,0.227751689,0.876365429
papum pare,Papum Pare,245559,0.021507801,0.825360946
tirap,Tirap,69112,0.020888139,0.629920802
east siang,East Siang,86959,1.35629866,2.560087006
lohit,Lohit,51927,0.57149925,2.147551477
kurung kumey,Kurung Kumey,77223,0.025194178,0.555974167
lower subansiri,Lower Subansiri,99671,0.006756278,0.829376579
east kameng,East Kameng,87734,0.061410827,1.326925325
west kameng,West Kameng,99039,0.043990415,1.888080105
kra daadi,Kra Daadi,93220,0.008415915,1.837849659
namsai,Namsai,120106,0.299110207,3.783292115
longding,Longding,60400,0.0,0.638916752
upper siang,Upper Siang,34326,0.336009842,2.386481463
lower siang,Lower Siang,19141,0.042159747,2.171988688
upper dibang valley,Upper Dibang Valley,10102,0.372682252,0.711350147
lower dibang valley,Lower Dibang Valley,59491,0.162468901,1.397900013
siang,Siang,48365,0.498407734,2.019900267
shi yomi,Shi Yomi,12507,0.051292052,0.679578763
pakke kessang,Pakke Kessang,18414,0.023431627,1.721952494
west siang,West Siang,48422,0.123427923,0.620779654
lepa rada,Lepa Rada,22468,0.0,0.870628148
kamle,Kamle,25202,0.304270955,1.835951782
tinsukia,Tinsukia,1408250,1.259207522,4.881482417
dhemaji,Dhemaji,702202,1.436232391,9.385547809
dibrugarh,Dibrugarh,1510242,3.039084044,11.91387334
lakhimpur,Lakhimpur,1161342,1.049242136,14.44869666
sivasagar,Sivasagar,800874,0.611686093,16.53832279
jorhat,Jorhat,1037431,1.082349707,6.654597736
sonitpur,Sonitpur,1462078,2.549489328,5.196410326
golaghat,Golaghat,1310870,1.593594635,11.59095462
udalguri,Udalguri,909069,0.003282254,3.135691777
chirang,Chirang,616102,0.021873585,2.853895807
baksa,Baksa,1258285,0.097900998,3.732064694
nagaon,Nagaon,2348489,0.20685283,13.41948919
kokrajhar,Kokrajhar,1311786,0.046972576,2.517160431
darrang,Darrang,1126535,3.822695958,11.80139268
barpeta,Barpeta,1877307,3.478605956,10.48787247
nalbari,Nalbari,978546,2.234621552,6.588557735
morigaon,Morigaon,1127394,2.221938191,13.48924998
kamrup,Kamrup,1546068,1.476174408,8.562804612
bongaigaon,Bongaigaon,803266,3.469432123,8.287953017
dhubri,Dhubri,1376422,2.559481456,9.231447974
kamrup metropolitan,Kamrup Metropolitan,1437551,1.622970103,13.18157395
goalpara,Goalpara,1063871,3.270135105,12.6070399
dima hasao,Dima Hasao,288305,0.192925704,1.656871704
cachar,Cachar,2105643,0.339758463,9.233600225
karimganj,Karimganj,1393118,0.019195636,22.52672148
hailakandi,Hailakandi,765445,0.052376525,17.33980856
charaideo,Charaideo,496227,0.010879162,16.04309188
majuli,Majuli,147155,4.888294451,8.241462489
biswanath,Biswanath,666698,2.020191719,3.155673349
hojai,Hojai,1112181,0.109771283,5.154656156
south salmara mancachar,South Salmara Mancachar,533060,10.81288284,17.21104287
karbi anglong,Karbi Anglong,693265,0.000151248,1.843256596
west karbi anglong,West Karbi Anglong,363939,0.096610327,3.129321309
pashchim champaran,Pashchim Champaran,4925046,0.22060865,6.360902258
purba champaran,Purba Champaran,6322257,0.12116348,9.387440533
sitamarhi,Sitamarhi,4182895,0.001510558,4.619683648
sheohar,Sheohar,851775,0.0,9.002316572
gopalganj,Gopalganj,2913408,0.432458286,5.467595215
samastipur,Samastipur,5463227,0.395790839,14.37494456
katihar,Katihar,3735857,1.934686307,11.4120932
khagaria,Khagaria,2060105,0.872843213,11.60726948
bhojpur,Bhojpur,3338604,0.810391565,5.386832738
buxar,Buxar,2014287,0.526160857,5.289701443
darbhanga,Darbhanga,4562640,0.024744941,10.05644787
saharsa,Saharsa,2422652,0.644150281,8.19729709
kaimur (bhabua),Kaimur (bhabua),1966164,0.262638721,2.607282647
rohtas,Rohtas,3605080,0.800130744,3.872831529
jamui,Jamui,2203798,0.157890825,0.413248775
banka,Banka,2787874,0.348262775,1.685961495
nawada,Nawada,2765346,0.079535975,1.761243108
gaya,Gaya,5429170,0.000225598,3.470539782
munger,Munger,1690301,2.040092021,13.73832054
vaishali,Vaishali,4598311,1.112916504,16.86821474
begusarai,Begusarai,3830215,1.072873296,20.79971936
bhagalpur,Bhagalpur,3509828,2.47274559,13.72985928
lakhisarai,Lakhisarai,1174729,0.192831525,12.08953008
sheikhpura,Sheikhpura,820089,0.004092988,3.505578685
arwal,Arwal,591972,0.595563792,21.67630991
jehanabad,Jehanabad,1409612,0.001189369,10.27922577
nalanda,Nalanda,3649192,0.017069197,17.24872994
patna,Patna,6868950,1.449192516,18.8206194
saran,Saran,4674827,1.299936265,12.38481824
siwan,Siwan,3880318,0.145588085,6.60775735
muzaffarpur,Muzaffarpur,6144680,0.19126057,11.7588689
madhepura,Madhepura,2498415,0.008027921,3.907767989
araria,Araria,3634320,0.0,6.399493143
supaul,Supaul,2904278,0.634587242,7.348234606
madhubani,Madhubani,5126077,0.037751436,3.746869093
purnia,Purnia,4127576,0.033127573,6.320814211
kishanganj,Kishanganj,2214692,0.190724422,9.14902795
chandigarh,Chandigarh,897511,0.000745464,0.000993771
mahasamund,Mahasamund,1179980,0.333392516,0.627540566
uttar bastar kanker,Uttar Bastar Kanker,868469,0.106473076,0.730199538
narayanpur,Narayanpur,120311,0.019401894,0.572471381
dakshin bastar dantewada,Dakshin Bastar Dantewada,332104,0.05840241,1.67319932
bastar,Bastar,948753,0.254405482,1.632703879
kondagaon,Kondagaon,656011,0.045498909,1.078482579
gariaband,Gariaband,777859,0.366717302,0.505735659
raipur,Raipur,2814996,0.445146211,0.592452074
durg,Durg,2010685,0.598727155,0.43075371
dhamtari,Dhamtari,897907,1.570806706,0.04693727
balod,Balod,961306,0.717205888,0.024923064
koriya,Koriya,763582,0.102575658,0.478767784
jashpur,Jashpur,942821,0.04317362,0.568829082
korba,Korba,1414402,1.651028381,0.310367455
kabeerdham,Kabeerdham,1131600,0.253989706,0.564680218
janjgir - champa,Janjgir - Champa,2018726,0.376710728,1.928896826
bametara,Bametara,909116,0.320047689,2.384020554
rajnandgaon,Rajnandgaon,1792617,0.353818517,0.248451395
surajpur,Surajpur,917283,0.200734056,1.22005953
baloda bazar,Baloda Bazar,1681629,0.368934666,3.300403562
mungeli,Mungeli,784748,0.519156343,1.835241434
surguja,Surguja,971194,0.278929567,0.200172812
bijapur,Bijapur,275997,0.119061839,1.948257182
sukma,Sukma,259382,0.11146237,1.466729973
north,North,2128488,0.0,1.725427554
north east,North East,1444919,0.0,1.464774777
west,West,3053772,0.0,5.312905892
east,East ,1368632,0.0,0.1
south west,South West,1719303,0.0,3.339650881
central,Central,1667718,0.0,7.250541685
new delhi,New Delhi,1064852,0.0,0.014199219
south,South,1636592,0.0,0.006747594
shahdara,Shahdara,1645700,0.0,0.1
south east,South East,1758195,0.045915107,0.629289386
north west,North West,2287355,0.0,0.1
north goa,North Goa,718288,2.577757251,1.581879791
south goa,South Goa,857449,0.971762276,1.79256855
valsad,Valsad,2077846,0.812747791,1.738920562
amreli,Amreli,1650731,0.455725673,0.09592198
the dangs,The Dangs,274863,0.007193835,2.164733438
banas kantha,Banas Kantha,3729629,0.116877662,0.567783602
patan,Patan,1464752,0.128901094,2.596395996
mahesana,Mahesana,2169424,0.08453985,0.691706976
gandhinagar,Gandhinagar,1324292,0.000328815,1.279892254
ahmadabad,Ahmadabad,8738876,0.122458085,4.09983488
panch mahals,Panch Mahals,1953336,0.574815885,0.388326019
dohad,Dohad,2742293,0.201923678,0.129721916
vadodara,Vadodara,3437852,0.284762754,3.043652457
bharuch,Bharuch,1704669,1.612396534,1.820453727
porbandar,Porbandar,660431,0.51266173,4.865917388
narmada,Narmada,694589,2.564251605,3.114996648
surat,Surat,8228098,0.593664003,5.334773331
tapi,Tapi,952637,2.984765412,0.099755767
aravalli,Aravalli,1276998,0.334042991,0.683258715
botad,Botad,737921,0.085839662,0.877107887
chota udaipur,Chota Udaipur,1206205,0.747200646,0.112482708
mahisagar,Mahisagar,1041596,1.803625613,0.698306974
gir somnath,Gir Somnath,1353212,0.532788711,0.247012876
sabar kantha,Sabar Kantha,1581118,0.655214573,0.326713001
kachchh,Kachchh,2654359,9.585998161,3.088679389
surendranagar,Surendranagar,1806637,0.14688655,1.139615495
rajkot,Rajkot,3534875,0.493588848,0.307696507
kheda,Kheda,2023119,0.01148306,2.845630539
anand,Anand,2767476,0.236729361,5.403718781
bhavnagar,Bhavnagar,2765060,1.145481372,0.019310059
junagadh,Junagadh,1644700,0.096341257,1.19245741
jamnagar,Jamnagar,1509267,0.663125755,0.00210776
devbhumi dwarka,Devbhumi Dwarka,898223,0.65675835,0.024373659
morbi,Morbi,1099951,1.089593543,0.192014618
navsari,Navsari,1457183,0.636447966,2.26353903
jhajjar,Jhajjar,999200,0.004170675,1.429459568
gurugram,Gurugram,2517256,0.025213178,1.164893604
faridabad,Faridabad,2383525,0.0,6.911149485
mahendragarh,Mahendragarh,970462,0.000562973,0.561660955
rewari,Rewari,1012074,0.002779906,0.828055738
nuh,Nuh,1279625,0.0,0.669910248
palwal,Palwal,1312139,0.0,1.788990887
charki dadri,Charki Dadri,545880,0.002355435,0.852566261
yamunanagar,Yamunanagar,1366309,0.042011596,5.731626983
kurukshetra,Kurukshetra,1080970,0.003818992,5.501219071
kaithal,Kaithal,1238219,0.00046637,3.116290715
sirsa,Sirsa,1511023,0.001758909,9.795019476
karnal,Karnal,1700198,0.003219511,3.348768976
jind,Jind,1489426,0.0,1.133905451
fatehabad,Fatehabad,1056284,0.0,9.544000142
hisar,Hisar,1943429,0.000529024,4.24034665
panipat,Panipat,1456085,0.0,1.825319296
sonipat,Sonipat,1771137,0.0,0.905127272
bhiwani,Bhiwani,1296415,0.000980524,2.187233082
rohtak,Rohtak,1194736,0.003867208,0.999841319
panchkula,Panchkula,597239,0.040273471,0.282076231
ambala,Ambala,1296203,0.0,4.251029067
lahul & spiti,Lahul & Spiti,31023,0.321979852,0.011872748
chamba,Chamba,586226,0.191863584,0.208436762
kangra,Kangra,1693351,0.966952237,0.077501311
kullu,Kullu,460044,0.052025107,0.216410933
mandi,Mandi,1131583,0.174020686,0.736416396
kinnaur,Kinnaur,87703,0.171089112,0.539592883
una,Una,573625,0.628882095,0.018255416
shimla,Shimla,904737,0.035574686,0.735818063
solan,Solan,678073,0.124151886,0.280667145
sirmaur,Sirmaur,564300,0.033540578,0.977864526
kupwara,Kupwara,1053524,0.014099434,0.51995716
bandipore,Bandipore,378179,0.616409408,1.936451826
baramula,Baramula,1224436,0.217682121,0.911142533
ganderbal,Ganderbal,559525,0.499016366,1.495531299
anantnag,Anantnag,1290100,0.159500867,0.30280149
kishtwar,Kishtwar,231938,0.12316298,0.281956344
srinagar,Srinagar,904040,0.724666434,0.278932913
badgam,Badgam,992328,0.182326085,3.806150556
pulwama,Pulwama,1008086,0.279219117,2.991682452
punch,Punch,697454,0.059684491,0.67832765
shupiyan,Shupiyan,391024,0.002022763,1.080602368
kulgam,Kulgam,578651,0.344100009,0.022991182
rajouri,Rajouri,659577,0.017946919,0.283908485
ramban,Ramban,360350,0.309949623,0.444408931
reasi,Reasi,394393,0.510462262,1.239061446
doda,Doda,563657,0.270867996,0.270530155
jammu,Jammu,1766664,0.475037449,1.589424608
kathua,Kathua,639161,0.993134601,0.045617922
udhampur,Udhampur,695644,0.013526323,0.47427651
samba,Samba,433040,0.039351707,0.63000495
muzaffarabad,Muzaffarabad,9108,0.275433011,0.429807163
mirpur,Mirpur,7110,1.696173528,0.33730821
sahibganj,Sahibganj,1863699,2.307096524,5.74321916
godda,Godda,1541633,0.042063828,0.308989819
pakur,Pakur,1077497,0.015471341,3.826048033
giridih,Giridih,3023152,0.045970652,0.442880209
dumka,Dumka,1522340,0.598250003,0.227789055
deoghar,Deoghar,1878226,0.088257849,0.81176508
palamu,Palamu,2294123,0.197368643,1.06308692
chatra,Chatra,1313082,0.036811514,0.339585416
garhwa,Garhwa,1689634,0.290692695,0.547516784
jamtara,Jamtara,923311,0.953600878,0.660567369
dhanbad,Dhanbad,3014375,1.123698027,0.207879548
latehar,Latehar,974550,0.027933586,0.545231273
bokaro,Bokaro,2426002,1.347818433,0.022030296
ramgarh,Ramgarh,1068909,0.516207464,0.438980609
ranchi,Ranchi,3525357,0.368094084,0.465022765
lohardaga,Lohardaga,575951,0.077224984,0.791528779
gumla,Gumla,1266667,0.061045269,0.676989466
khunti,Khunti,661665,0.025055895,0.735774946
saraikela-kharsawan,Saraikela-kharsawan,1170854,1.685259625,0.297198097
purbi singhbhum,Purbi Singhbhum,2787911,0.089703785,1.646993268
pashchimi singhbhum,Pashchimi Singhbhum,1744372,0.04196336,0.868185334
simdega,Simdega,677321,0.125948542,0.928699763
kodarma,Kodarma,894355,0.493650006,0.001585894
hazaribagh,Hazaribagh,2130620,0.473117617,0.077051711
bidar,Bidar,1848763,0.577171919,0.767478422
kalaburagi,Kalaburagi,2925453,0.548079914,0.562792586
belagavi,Belagavi,5439561,0.55806105,0.716049892
yadgir,Yadgir,1373369,0.57450138,1.077229403
bagalkote,Bagalkote,2065589,1.460163536,0.002398667
raichur,Raichur,2140588,0.565825072,0.860016988
koppal,Koppal,1551558,0.555929835,0.500672586
gadag,Gadag,1218001,0.161614128,0.773623563
ballari,Ballari,2961339,0.584051989,0.548620386
dharwad,Dharwad,2085599,0.136242811,0.283121417
uttara kannada,Uttara Kannada,1597345,1.655079328,2.419647773
haveri,Haveri,1601523,0.202049296,1.041587377
chitradurga,Chitradurga,1798153,0.23997582,0.186919271
davanagere,Davanagere,2110205,0.419899366,0.337248387
shivamogga,Shivamogga,1877441,1.203198506,0.0731706
udupi,Udupi,1144919,0.741689148,0.007584602
chikkamagaluru,Chikkamagaluru,1168539,0.868566012,0.48643499
chikkaballapura,Chikkaballapura,1326139,0.110670649,0.18147016
hassan,Hassan,1843387,0.611212696,0.048209394
kolar,Kolar,1625062,0.109739276,0.151892948
bengaluru rural,Bengaluru Rural,1355031,0.071765205,0.120542304
dakshina kannada,Dakshina Kannada,2388502,0.422123179,1.026488871
bangalore,Bangalore,13403998,0.227953363,0.114566985
kodagu,Kodagu,575814,0.154509876,0.6410376
chamarajanagara,Chamarajanagara,1089392,0.145853665,1.93767925
tumakuru,Tumakuru,2774415,0.284595715,0.055808694
ramanagara,Ramanagara,1168086,0.259579863,0.955866677
mandya,Mandya,1886354,0.730831983,1.416125561
mysuru,Mysuru,3330925,1.291071277,0.377930553
vijayapura,Vijayapura,2612195,0.871904394,0.011439119
kasaragod,Kasaragod,1320168,0.717632918,2.303776192
wayanad,Wayanad,847406,0.354881107,0.460180992
kozhikode,Kozhikode,3349063,0.599372106,0.801183224
malappuram,Malappuram,4458146,0.260316709,1.678503228
palakkad,Palakkad,3024581,0.550109826,1.885497465
thrissur,Thrissur,3305535,0.761485485,4.374872942
idukki,Idukki,1048101,0.784504282,0.004693367
ernakulam,Ernakulam,3428525,3.843019755,1.260337983
alappuzha,Alappuzha,2167462,8.660110439,12.40641849
kottayam,Kottayam,2015065,2.178531176,1.520735488
pathanamthitta,Pathanamthitta,1320089,0.233181386,0.991725656
kollam,Kollam,2503307,2.697055096,0.007181482
thiruvananthapuram,Thiruvananthapuram,3288743,0.648894373,0.235709715
kannur,Kannur,2666656,1.090489394,2.357507247
leh,Leh,158993,0.486956079,0.018275039
kargil,Kargil,154801,0.181839586,0.286339875
lakshadweep,Lakshadweep,60324,13.42627711,4.0
burhanpur,Burhanpur,917654,0.136420671,0.685540047
morena,Morena,2318601,0.36602215,2.658013204
bhind,Bhind,1937516,0.119319241,2.689401967
gwalior,Gwalior,2515503,0.480315571,0.157120971
sheopur,Sheopur,890783,0.185883526,1.231751267
shivpuri,Shivpuri,2047132,0.56739149,0.160705456
tikamgarh,Tikamgarh,1216750,0.123153605,0.274206269
neemuch,Neemuch,905934,1.853193024,0.047005244
rewa,Rewa,2794552,0.175699644,0.818756794
satna,Satna,2619145,0.682682458,0.006627683
guna,Guna,1461635,0.137757934,0.457411017
ashoknagar,Ashoknagar,1071470,0.886532248,0.219773318
mandsaur,Mandsaur,1424619,1.47147063,0.035767514
singrauli,Singrauli,1558134,0.715195816,0.806662133
sidhi,Sidhi,1292335,0.402325215,1.782043654
sagar,Sagar,2792584,0.240442317,0.654643181
damoh,Damoh,1437365,0.183081246,1.193640384
shajapur,Shajapur,1036523,0.057503291,0.513507353
vidisha,Vidisha,1710603,0.277215122,0.635462
rajgarh,Rajgarh,1797738,0.464455125,0.472826999
shahdol,Shahdol,1075359,0.771098824,0.003847684
katni,Katni,1481656,0.544194583,0.530371053
umaria,Umaria,849658,0.911756287,0.004413453
ratlam,Ratlam,1682145,0.102150461,0.588601194
bhopal,Bhopal,2938719,0.626869321,0.000494438
ujjain,Ujjain,2261682,0.044407032,0.708212621
raisen,Raisen,1582981,0.547154614,1.304665949
sehore,Sehore,1581777,0.443833329,0.865128872
jabalpur,Jabalpur,2843254,1.091398785,0.609947111
dewas,Dewas,1839994,0.405980697,0.631542867
anuppur,Anuppur,902339,0.16785608,0.52747384
jhabua,Jhabua,1290473,0.130395664,0.2786779
dindori,Dindori,917721,0.207929959,1.243229343
narsimhapur,Narsimhapur,1275736,0.238163477,1.976709412
dhar,Dhar,2722423,0.487835201,0.327944556
indore,Indore,4193901,0.088367293,0.263327649
mandla,Mandla,1110768,0.911846658,0.665550482
hoshangabad,Hoshangabad,1371450,0.970690301,1.375776716
seoni,Seoni,1600897,0.815741223,0.419742338
alirajpur,Alirajpur,917115,0.738663983,0.133752635
chhindwara,Chhindwara,2383077,0.382961008,0.243637627
harda,Harda,669689,0.286810929,1.128090368
west nimar,West Nimar,2194354,0.465974584,1.261290342
east nimar,East Nimar,1518478,1.03067221,0.011130804
balaghat,Balaghat,1884118,0.086946009,1.072556027
barwani,Barwani,1771460,0.58771354,0.27606099
agar malwa,Agar Malwa,702666,0.338892414,0.197996456
datia,Datia,955153,0.299925165,2.165231715
chhatarpur,Chhatarpur,2100270,0.251215844,1.026450906
panna,Panna,1214594,0.165583402,0.741002628
betul,Betul,1776782,0.086627039,0.572982012
niwari,Niwari,474884,0.208926357,2.138521976
gondiya,Gondiya,1579976,0.911616345,0.10921389
bhandara,Bhandara,1132270,0.742932408,1.821346068
jalgaon,Jalgaon,4760079,0.504330321,1.018783927
wardha,Wardha,1365264,1.005544539,0.644579581
buldana,Buldana,2939030,0.427298223,0.143033374
akola,Akola,2032614,0.274621796,0.605435381
nashik,Nashik,7301954,0.729292944,0.009474396
gadchiroli,Gadchiroli,1183215,0.196356508,1.66295656
washim,Washim,1362768,0.392373985,7.34e-05
chandrapur,Chandrapur,2348545,0.535308039,1.224884143
yavatmal,Yavatmal,3117757,0.983855741,0.001951031
jalna,Jalna,2330103,0.649960977,0.061033309
ahmadnagar,Ahmadnagar,5113145,0.697616588,0.006268605
hingoli,Hingoli,1419813,1.334570744,0.002176496
nanded,Nanded,3861544,0.436541633,1.150372003
parbhani,Parbhani,2068053,0.631474073,2.980760882
pune,Pune,11979873,1.091416421,0.01206296
bid,Bid,3032850,0.573485427,0.274329152
mumbai,Mumbai,2831580,0.012175873,0.001000003
latur,Latur,2795413,0.350302784,0.209045748
osmanabad,Osmanabad,1913512,0.27922672,0.000294936
solapur,Solapur,4817374,0.761165008,0.923051453
satara,Satara,3138971,0.88365251,0.003020396
ratnagiri,Ratnagiri,1532470,0.978975411,0.575265044
sangli,Sangli,3253446,0.371511861,0.444899405
kolhapur,Kolhapur,3952672,0.739128811,0.792546096
sindhudurg,Sindhudurg,808570,0.632545644,0.776077496
thane,Thane,9950177,2.261563329,1.253627781
palghar,Palghar,3787472,1.112239022,0.902972116
nandurbar,Nandurbar,2039682,1.1061674,0.830013135
amravati,Amravati,3195039,0.452234552,0.680336027
dhule,Dhule,2456650,0.475721838,0.227687277
nagpur,Nagpur,5242373,1.136796464,0.398261272
mumbai suburban,Mumbai Suburban,10791581,0.914657543,0.000997242
kamjong,Kamjong,61519,0.129302233,0.481550805
senapati,Senapati,459428,0.0,0.710207411
tamenglong,Tamenglong,139509,0.006002374,1.695834778
imphal west,Imphal West,589610,0.042914083,3.323981318
kakching,Kakching,180789,0.104413907,3.520388451
bishnupur,Bishnupur,299943,3.486841412,0.000998427
chandel,Chandel,125173,0.002124825,0.630871175
churachandpur,Churachandpur,257051,0.2279733,0.939291668
imphal east,Imphal East,434974,0.032628883,11.79273868
jiribam,Jiribam,56027,0.111022838,5.232607471
kangpokpi,Kangpokpi,268532,0.166897675,0.534498836
thoubal,Thoubal,325077,0.052982735,23.6044421
tengnoupal,Tengnoupal,75461,0.0,0.539127806
ukhrul,Ukhrul,178796,0.0,0.669906789
noney,Noney,58122,0.05487921,2.67719437
pherzawl,Pherzawl,54252,0.021159458,2.366795306
ribhoi,Ribhoi,389832,0.159366599,1.715139198
west khasi hills,West Khasi Hills,341864,0.006185816,1.191947527
east jaintia hills,East Jaintia Hills,150787,0.02228155,1.627446553
east khasi hills,East Khasi Hills,1005453,0.077062889,1.14976811
south garo hills,South Garo Hills,190314,0.025829871,1.272678698
west garo hills,West Garo Hills,701102,0.032280391,1.079662032
east garo hills,East Garo Hills,188522,0.004744409,0.686378319
west jaintia hills,West Jaintia Hills,372716,0.091584225,1.642405869
south west khasi hills,South West Khasi Hills,136573,0.045431517,1.768765435
north garo hills,North Garo Hills,191024,0.0,1.505747627
south west garo hills,South West Garo Hills,161524,0.001275329,3.340328514
kolasib,Kolasib,125377,0.380323566,1.584069279
aizawl,Aizawl,483635,0.096288881,2.065788746
mamit,Mamit,138551,0.0,1.381857077
champhai,Champhai,136805,0.0,0.919185436
serchhip,Serchhip,61426,0.0,1.328475491
lunglei,Lunglei,188482,0.01244799,2.66098121
saiha,Saiha,65651,0.016731928,2.951687412
lawngtlai,Lawngtlai,149520,0.021722019,2.792338513
mon,Mon,228717,0.00464644,2.741637225
longleng,Longleng,30296,0.010400483,2.837540944
mokokchung,Mokokchung,168849,0.0,1.200974196
tuensang,Tuensang,197958,0.0,0.650005813
kiphire,Kiphire,54731,0.0,1.066560501
peren,Peren,96231,0.001342531,0.586486953
wokha,Wokha,164833,0.491956258,1.553001778
zunheboto,Zunheboto,135618,0.0,0.640526895
phek,Phek,164195,0.002356585,1.966529093
kohima,Kohima,311382,0.0,0.321623488
dimapur,Dimapur,510639,0.004473913,1.716497018
bhadrak,Bhadrak,1613470,2.562091316,8.404168094
dhenkanal,Dhenkanal,1387551,0.725516959,0.881789412
jajapur,Jajapur,2048302,0.632633041,11.54713951
subarnapur,Subarnapur,663973,1.212807104,2.280238254
nuapada,Nuapada,702602,0.35257892,1.294611131
balangir,Balangir,2028038,0.149789566,1.095326967
baudh,Baudh,520532,0.899336006,1.709315466
cuttack,Cuttack,2887779,1.638891263,11.50951078
kandhamal,Kandhamal,832740,0.032063654,0.541719782
nayagarh,Nayagarh,1012257,0.392848482,4.447805894
khordha,Khordha,2574912,1.214771584,2.152536584
kalahandi,Kalahandi,1864838,0.57131064,0.398050093
jagatsinghapur,Jagatsinghapur,1268480,3.230232986,0.078061187
puri,Puri,1855870,18.5900097,0.32180646
nabarangapur,Nabarangapur,1425811,0.509433477,0.435588956
rayagada,Rayagada,1127993,0.065376151,1.449399945
koraput,Koraput,1573932,1.198572767,0.185330259
malkangiri,Malkangiri,757865,1.784198785,0.073061589
anugul,Anugul,1393181,1.692681852,0.272277764
kendrapara,Kendrapara,1692082,4.951021358,18.30023894
ganjam,Ganjam,3912072,1.187000815,2.595362139
gajapati,Gajapati,638094,0.1973271,0.579527084
mayurbhanj,Mayurbhanj,2891283,0.185356663,1.104038704
sundargarh,Sundargarh,2361775,0.304650931,1.817783191
kendujhar,Kendujhar,2118363,0.370501647,1.121189194
baleshwar,Baleshwar,2513933,3.878298705,8.765273065
jharsuguda,Jharsuguda,621362,3.100195768,0.163912049
bargarh,Bargarh,1562701,1.345216816,0.036098632
debagarh,Debagarh,351390,2.19247626,0.025728406
sambalpur,Sambalpur,1271970,1.296871576,0.653957274
puducherry,Puducherry,1148821,0.820562264,0.939811094
karaikal,Karaikal,220595,1.327174677,0.179114825
mahe,Mahe,50846,1.410606801,0.243893199
yanam,Yanam,47877,29.67097127,2.98522873
gurdaspur,Gurdaspur,1740157,0.113656362,7.99043277
hoshiarpur,Hoshiarpur,1743086,0.108432652,1.015664453
amritsar,Amritsar,2748187,0.034259992,2.558209055
jalandhar,Jalandhar,2446748,0.0,5.423173348
tarn taran,Tarn Taran,1251033,0.165720765,5.605831458
rupnagar,Rupnagar,716979,0.471251752,8.05958884
shahid bhagat singh nagar,Shahid Bhagat Singh Nagar,636289,0.067246598,10.90580953
fazilka,Fazilka,1143916,0.0,4.742047502
moga,Moga,1027279,0.0,2.73145838
ludhiana,Ludhiana,3965684,0.007473247,4.779332462
sahibzada ajit singh nag*,Sahibzada Ajit Singh Nag*,1662669,0.010724633,0.10224824
faridkot,Faridkot,659286,0.0,4.441457773
fatehgarh sahib,Fatehgarh Sahib,640240,0.0,0.476176498
sri muktsar sahib,Sri Muktsar Sahib,1149045,0.000403704,2.388390951
sangrur,Sangrur,1835441,0.0,2.448919322
barnala,Barnala,684088,0.0,1.6671773
bathinda,Bathinda,1697487,0.018454025,4.064778009
patiala,Patiala,2269761,0.000974475,4.902063247
mansa,Mansa,742955,0.004390434,2.759157184
firozpur,Firozpur,1057444,0.027828753,8.086116559
pathankot,Pathankot,713016,1.207937139,1.266369538
kapurthala,Kapurthala,865875,0.260845183,3.373204673
churu,Churu,2206492,0.00062635,0.775893058
jhunjhunun,Jhunjhunun,2449782,0.000184082,0.337147246
jaisalmer,Jaisalmer,848518,0.007376732,0.483488206
sikar,Sikar,3026385,0.0,0.420855874
alwar,Alwar,4491235,0.005601607,0.342475289
jaipur,Jaipur,8193632,0.001876113,0.298918883
jodhpur,Jodhpur,4624883,0.004713804,0.351856339
bharatpur,Bharatpur,2952552,0.003684995,2.338615588
nagaur,Nagaur,3826407,0.004782392,0.313542369
dausa,Dausa,2162212,0.004574126,0.498796958
karauli,Karauli,1777972,0.197979321,0.435501401
dhaulpur,Dhaulpur,1501877,0.385474633,2.780566497
barmer,Barmer,3345308,0.014956261,0.873995809
sawai madhopur,Sawai Madhopur,1511281,0.2640657,1.488231909
tonk,Tonk,1641156,0.871896612,0.025948024
pali,Pali,2254626,0.028374093,0.391660123
bhilwara,Bhilwara,2821404,0.045229947,0.74993015
jalor,Jalor,2252706,0.005874951,1.34441163
bundi,Bundi,1323567,0.138460405,1.991418255
kota,Kota,2286428,0.503964127,2.379646678
sirohi,Sirohi,1264133,0.023800256,0.252656489
baran,Baran,1450001,0.273336329,2.425109248
udaipur,Udaipur,3607694,0.290943084,0.001560423
jhalawar,Jhalawar,1669164,0.380898218,0.94013361
dungarpur,Dungarpur,1670388,0.388930127,0.197777034
banswara,Banswara,2229890,0.925230196,0.016887325
ajmer,Ajmer,2985855,0.05695381,0.203556192
rajsamand,Rajsamand,1353032,0.088450607,0.165414807
chittaurgarh,Chittaurgarh,1838803,1.101782041,0.033230403
ganganagar,Ganganagar,2163051,0.009686833,6.595012526
hanumangarh,Hanumangarh,2002775,0.012851681,3.706876306
bikaner,Bikaner,3124233,0.008307225,0.684901436
north  district,North  District,44583,0.545185157,0.063647516
west district,West District,133590,0.065150406,0.685815634
south district,South District,164403,0.18276756,1.512139512
east district,East District,337891,0.10298745,0.831166269
adilabad,Adilabad,802880,0.22104424,0.988714607
hyderabad,Hyderabad,3345250,0.52199262,0.000277133
jagitial,Jagitial,1063443,0.394204469,1.30267446
jangoan,Jangoan,609289,0.315476097,0.117767389
mulugu,Mulugu,308187,0.667449464,2.25270259
jogulamba gadwal,Jogulamba Gadwal,677578,1.45893785,1.404701855
kamareddy,Kamareddy,1051890,0.928824065,0.951305306
karimnagar,Karimnagar,1113366,1.029366402,0.012822066
khammam,Khammam,1521069,0.458663756,0.101414173
kumuram bheem asifabad,Kumuram Bheem Asifabad,561927,0.6274381,1.134922452
mahabubabad,Mahabubabad,802801,0.26668014,0.247662044
mahabubnagar,Mahabubnagar,1071711,0.103573838,0.416806629
mancherial,Mancherial,750195,1.035405769,1.336662971
medak,Medak,858985,0.130629891,0.908345993
medchal malkajgiri,Medchal Malkajgiri,3917267,0.108188415,0.230626522
nagarkurnool,Nagarkurnool,978724,0.873611522,1.284959401
nalgonda,Nalgonda,1795837,1.121014225,0.010832661
nirmal,Nirmal,747102,1.345821289,1.150118153
nizamabad,Nizamabad,1716963,1.37012829,0.044851377
peddapalli,Peddapalli,919259,1.102681823,2.597279494
rajanna sircilla,Rajanna Sircilla,587140,0.564767428,0.00114418
ranga reddy,Ranga Reddy,3667925,0.327322292,0.085026896
sangareddy,Sangareddy,1729145,1.462695895,0.005164143
siddipet,Siddipet,1102022,0.091876715,0.378098987
suryapet,Suryapet,1145777,0.526090291,1.336230804
vikarabad,Vikarabad,1308948,0.187043402,0.084609379
wanaparthy,Wanaparthy,680558,0.984745694,4.926322219
warangal rural,Warangal Rural,811309,0.3791028,0.041751433
warangal urban,Warangal Urban,1152989,0.354480511,0.133107398
yadadri bhuvanagiri,Yadadri Bhuvanagiri,769265,0.084363209,0.546065506
bhadradri kothagudem,Bhadradri Kothagudem,1149137,0.625093908,0.742354231
jayashankar,Jayashankar,423171,0.464301349,5.219547095
narayanpet,Narayanpet,669576,0.815999907,0.76899113
north tripura,North Tripura,417050,0.0,1.542869002
dhalai,Dhalai,436885,0.830802532,0.336825147
sipahijala,Sipahijala,477873,0.003254841,0.598107872
gomati,Gomati,559331,0.002801781,2.517687708
khowai,Khowai,324410,0.0,0.889218209
west tripura,West Tripura,1081396,0.0,0.612502471
south tripura,South Tripura,415745,0.0,0.931395601
unokoti,Unokoti,370767,0.001642557,23.62192797
amroha,Amroha,2208108,0.02670143,3.74795481
hapur,Hapur,1831968,0.006144137,1.527097452
bareilly,Bareilly,5352228,0.0,4.170101962
pilibhit,Pilibhit,2398821,0.672146699,2.432470279
bulandshahr,Bulandshahr,4116049,0.043817515,4.603272439
gautam buddha nagar,Gautam Buddha Nagar,2613780,0.002840861,4.668442714
kheri,Kheri,4820329,0.145950617,6.940149845
budaun,Budaun,3653296,0.043402472,3.856538771
bahraich,Bahraich,4156731,0.40923834,3.679886741
shahjahanpur,Shahjahanpur,3533793,0.007833177,4.75687807
aligarh,Aligarh,4376425,0.006094499,1.926834991
kasganj,Kasganj,1633713,0.061598326,11.48765717
mathura,Mathura,3064227,0.0,4.807455013
shrawasti,Shrawasti,1390228,0.028878669,7.692700147
sitapur,Sitapur,5391584,0.025174919,3.375278206
hathras,Hathras,1789810,0.0,1.329597887
etah,Etah,2068262,0.000451786,1.184889889
hardoi,Hardoi,4789431,0.028511914,4.346537435
farrukhabad,Farrukhabad,2145188,0.099039455,6.215089637
firozabad,Firozabad,2948291,0.0,4.216316792
siddharthnagar,Siddharthnagar,3367475,0.022007889,13.38292044
mainpuri,Mainpuri,2193399,0.0,3.043030701
mahrajganj,Mahrajganj,3375140,0.082956237,3.253620339
agra,Agra,5296620,0.10192976,4.031426704
gonda,Gonda,4066976,0.067902889,2.868823511
bara banki,Bara Banki,3807867,0.151297728,2.865516793
kushinagar,Kushinagar,4300787,0.238357002,4.208451529
kannauj,Kannauj,1938161,0.028212116,3.608993578
lucknow,Lucknow,5804005,0.00696436,1.989261918
basti,Basti,2718480,0.322726847,4.636039801
gorakhpur,Gorakhpur,5059142,0.35299449,10.09175003
sant kabir nagar,Sant Kabir Nagar,1990205,0.19440129,5.995956962
unnao,Unnao,3601532,0.07773585,3.512391774
etawah,Etawah,1845391,0.23711024,8.501345772
kanpur nagar,Kanpur Nagar,4932257,0.360877047,4.873739494
auraiya,Auraiya,1619128,0.145826885,6.662660657
faizabad,Faizabad,3092832,0.247188018,3.807489683
kanpur dehat,Kanpur Dehat,2010692,0.222688571,3.087286072
deoria,Deoria,3288259,0.303328624,7.694821538
sultanpur,Sultanpur,2509152,0.002008734,4.347300593
ambedkar nagar,Ambedkar Nagar,2918048,0.342207082,3.462697948
rae bareli,Rae Bareli,2819588,0.023735469,5.186238472
jalaun,Jalaun,1897451,0.392709551,4.80414767
azamgarh,Azamgarh,5177742,0.055490347,6.011964431
mau,Mau,2493398,0.274573764,4.546093825
fatehpur,Fatehpur,3038415,0.497518236,5.696727002
ballia,Ballia,3696633,0.925904877,13.30007152
jaunpur,Jaunpur,4985265,0.012266083,4.243344328
jhansi,Jhansi,2198410,0.409255286,1.823896934
banda,Banda,2069729,0.522039626,6.313682456
ghazipur,Ghazipur,4171506,0.864783267,8.379915091
kaushambi,Kaushambi,1981279,0.615851316,5.222408303
prayagraj,Prayagraj,7094453,0.784955122,8.027430678
varanasi,Varanasi,4311285,0.883647796,3.716004426
chitrakoot,Chitrakoot,1269815,0.454897641,2.462686041
chandauli,Chandauli,2179069,1.049386239,7.890839495
bhadohi,Bhadohi,1805095,1.079228201,11.0100435
mirzapur,Mirzapur,3135271,1.473547713,2.685205968
lalitpur,Lalitpur,1495673,1.506086959,0.008823081
sonbhadra,Sonbhadra,2259539,2.70977361,0.064958232
amethi,Amethi,3139220,0.0,2.870234132
ghaziabad,Ghaziabad,4601786,0.0,2.474121961
sambhal,Sambhal,2818198,0.044450144,2.00812794
mahoba,Mahoba,1077440,0.300865401,0.238187011
saharanpur,Saharanpur,4096003,0.020060771,2.685129434
bijnor,Bijnor,4311589,0.063788983,3.487609777
muzaffarnagar,Muzaffarnagar,3353539,0.003804991,1.48110915
baghpat,Baghpat,1340897,0.0,4.30209073
meerut,Meerut,3877321,0.007909836,3.276470073
moradabad,Moradabad,3696840,0.0,3.838687956
rampur,Rampur,2830370,0.0,4.515924008
shamli,Shamli,1373173,0.0,1.857718186
uttarkashi,Uttarkashi,410687,0.082932117,0.367760378
chamoli,Chamoli,426828,0.05612071,0.988526383
dehradun,Dehradun,2132260,0.084799737,1.480749996
tehri garhwal,Tehri Garhwal,665938,0.531062216,0.541041119
rudraprayag,Rudraprayag,248925,0.040330005,1.403054602
pithoragarh,Pithoragarh,510103,0.108953862,0.416580414
bageshwar,Bageshwar,256564,0.001914048,0.570769802
hardwar,Hardwar,2449262,0.174571933,1.875425679
garhwal,Garhwal,727119,0.69594354,0.318442467
almora,"Almora
",618943,0.000454012,0.648573243
nainital,Nainital,1104668,0.026065252,0.749324062
champawat,Champawat,293584,0.256522301,1.216386696
udham singh nagar,Udham Singh Nagar,2171345,0.785339181,1.276537668
south twenty four pargan*,South Twenty Four Pargan*,12843801,7.77866316,9.52594778
darjiling,Darjiling,1849559,0.096238867,1.918361249
jalpaiguri,Jalpaiguri,2766173,0.3463879,4.567777417
dakshin dinajpur,Dakshin Dinajpur,1838248,0.005980479,3.848386134
maldah,Maldah,4260890,2.419208171,9.357035639
murshidabad,Murshidabad,8350690,1.234154397,10.40453429
birbhum,Birbhum,4082552,0.073826304,4.483276395
nadia,Nadia,5440236,0.744726558,9.926747682
purba bardhaman,Purba Bardhaman,4891157,0.24975544,8.544541925
puruliya,Puruliya,3407465,0.509342358,0.307955389
bankura,Bankura,3957405,0.435897763,1.401768891
north twenty four pargan*,North Twenty Four Pargan*,10544399,7.43925593,11.22559097
hooghly,Hooghly,5689338,0.332437756,9.395681278
medinipur west,Medinipur West,5510554,0.025978003,7.812547948
howrah,Howrah,4370011,3.23081923,19.56511981
kolkata,Kolkata,2896202,10.21461453,1.85061619
purba medinipur,Purba Medinipur,5760374,2.04670632,15.47685207
alipurduar,Alipurduar,1381430,0.017650059,4.039321623
paschim bardhaman,Paschim Bardhaman,3727296,0.422563785,1.733680898
kalimpong,Kalimpong,214033,0.250831636,0.958398623
jhargram,Jhargram,1247343,0.072751655,1.774765393
cooch behar,Cooch Behar,3286533,0.371070198,7.501454061
uttar dinajpur,Uttar Dinajpur,3289303,0.007231452,6.666541483
thiruvallur,Thiruvallur,4840586,2.390831933,0.136913665
chennai,Chennai,5558758,1.072848464,3.572786193
krishnagiri,Krishnagiri,2151735,0.155619892,0.86428335
tiruvannamalai,Tiruvannamalai,2908761,0.111931507,0.956908978
dharmapuri,Dharmapuri,1771524,0.519672081,0.244881502
salem,Salem,3947265,0.995995874,0.70281148
erode,Erode,2286982,0.635350328,0.654316232
the nilgiris,The Nilgiris,708881,0.339577292,0.072105658
namakkal,Namakkal,2030160,0.022086664,0.389540051
perambalur,Perambalur,600175,0.002767237,0.711461636
coimbatore,Coimbatore,4180340,0.20279264,0.316836382
tiruchirappalli,Tiruchirappalli,3072981,0.030082563,2.769716368
ariyalur,Ariyalur,772923,0.08746038,2.363517119
tiruppur,Tiruppur,3131866,0.084088984,0.55127524
thanjavur,Thanjavur,2499232,0.139785443,6.262291183
karur,Karur,1234912,0.062914047,1.722278531
thiruvarur,Thiruvarur,1412221,0.026905003,2.180366877
dindigul,Dindigul,2457758,0.079067201,0.3793423
madurai,Madurai,3384080,0.009182441,1.012920862
theni,Theni,1406691,0.314606199,0.031762174
virudhunagar,Virudhunagar,2112777,0.022872843,1.858630308
thoothukkudi,Thoothukkudi,1817973,1.009030229,0.017275176
kanniyakumari,Kanniyakumari,2092603,0.214453049,0.001570499
viluppuram,Viluppuram,2449240,0.250109562,2.579095705
cuddalore,Cuddalore,2998319,0.689771711,5.871797745
pudukkottai,Pudukkottai,1827769,0.085746267,0.613684296
sivaganga,Sivaganga,1534446,0.051279472,1.933201481
ramanathapuram,Ramanathapuram,1550443,1.290662657,1.978467591
nagapattinam,Nagapattinam,1816255,4.028133598,8.469795512
kallakurichi,Kallakurichi,1575629,0.016931089,1.71000415
tenkasi,Tenkasi,1653931,0.050554592,0.407407146
tirunelveli,Tirunelveli,1871307,0.622191008,0.007402498
vellore,Vellore,1718125,0.021681234,0.437957461
ranipet,Ranipet,1198951,0.142824545,1.363052135
tirupathur,Tirupathur,1329320,0.007876167,0.882133575
kancheepuram,Kancheepuram,1542112,0.935998334,1.758222114
chengalpattu,Chengalpattu,3240797,2.065380723,2.752509381
